Title,Name,Address,Email
"BABYSITTING, NANNIES & PET CARE",British American Household Staffing ,https://bahs.com/,info@bahs.com
"BABYSITTING, NANNIES & PET CARE",Au Pair in America,https://www.aupairinamerica.com/,
"BABYSITTING, NANNIES & PET CARE",Au Pair Care,https://www.aupaircare.com/,
"BABYSITTING, NANNIES & PET CARE",Cultural Care,http://culturalcare.com/,
"BABYSITTING, NANNIES & PET CARE",Hometown Nannies,www.hometownnannies.com,
"BABYSITTING, NANNIES & PET CARE",Household Staffing,householdstaffing.com,
"BABYSITTING, NANNIES & PET CARE",A Smart Nanny,www.asmartnanny.com,
"BABYSITTING, NANNIES & PET CARE",Quality Care Associates Inc.,www.qualitycarenannies.com,
"BABYSITTING, NANNIES & PET CARE",Quad Jobs,www.quadjobs.com,
"BABYSITTING, NANNIES & PET CARE",Kids Space,www.kidsspaceofrye.org,
"BABYSITTING, NANNIES & PET CARE",Care.com,www.care.com,
"BABYSITTING, NANNIES & PET CARE",Rye After School,https://www.ryeafterschool.com/,info@ryeafterschool.com 
"BABYSITTING, NANNIES & PET CARE",The Nurtury Montessori,http://thenurtury-montessori.com/,
"BABYSITTING, NANNIES & PET CARE",Rye YMCA,www.ryeymca.org/programs/childcare,
"BABYSITTING, NANNIES & PET CARE",Greenwich YMCA,www.greenwichymca.org/programs-services/early-learning-after-school,
"BABYSITTING, NANNIES & PET CARE",Bright Horizons at Belle Fair,child-care-preschool.brighthorizons.com/NY/RyeBrook/bellefair,
"BABYSITTING, NANNIES & PET CARE",The Children’s Center at Purchase College,www.thechildrencenter.org,
"BABYSITTING, NANNIES & PET CARE",Children’s Corner (Stamford),childrenscornergroup.com,
"BABYSITTING, NANNIES & PET CARE",Gigi’s Day Care,gigidaycare.com,
"BABYSITTING, NANNIES & PET CARE",St. Paul’s Chic Care Center,stpaulscccryebrook.org,
"BABYSITTING, NANNIES & PET CARE",Dogtopia of Port Chester,https://www.dogtopia.com/newyork-portchester/,portchester@dogtopia.com
"BABYSITTING, NANNIES & PET CARE",Mobile Vet Squad,http://www.mobilevetsquad.com/,
"BABYSITTING, NANNIES & PET CARE",Miller Clark Animal Hospital,https://www.millerclark.com/,
"BABYSITTING, NANNIES & PET CARE",Spot On Veterinary (Mobile/Concierge),https://spotonvet.com/,
"BABYSITTING, NANNIES & PET CARE",Pet Pantry Warehouse,http://www.ppwpet.com/,
"BABYSITTING, NANNIES & PET CARE",Pet Value,http://us.petvalu.com/,
"BABYSITTING, NANNIES & PET CARE",Petco,https://www.petco.com/,
"BABYSITTING, NANNIES & PET CARE",Active Dog LLC,https://activedog.org/,
"BABYSITTING, NANNIES & PET CARE",Rye-Harrison Veterinary Hospital,https://www.rhvh.com/,
