Title,Name,Address,Url
Beauty,,,
Beauty,The Pharm Stand,A health and wellness boutique carrying the best in CBD products. Over 100 items from USA’s top producers and farms.,http://www.thepharmstandco.com
Beauty,https://thepharmstandco.com/,"15 Maple AveArmonk, NY 10504Store – 914-219-4360ig:@thepharmstand",https://www.instagram.com/thepharmstand/
Beauty,,,
Beauty,High Quality Home Therapy,203.212.4191[email protected],http://www.hqhtherapy.com/
Beauty,Park Avenue Medical Spa,Location: 575 Main Street ArmonkContact: (914) 730-3333,https://parkavenuemedicalspa.com/contact/
Beauty,Bellava MedAesthetics,Location: 182 Rte 117 Bypass Rd Bedford HillsContact: (914) 517-3996,http://www.bellamedspa.com/
Beauty,Epidavros Day Spa and Salon,Location: 272 N Bedford Rd. Mt. KiscoContact: (914) 244-4422,https://www.epidavrosdayspa.com
Beauty,The Spa at Sage,Location: 6 Maple Ave 2nd Fl ArmonkContact: (914) 906-1143,https://Sageyogaandweellnessspa.com
Beauty,The Beauty Parlor &Spa,Location: 145 Palisade St Suite 231 Dobbs FerryContact: (914) 478-4814,https://www.thebeautyparlorny.com
Beauty,Spa Chiara @ Saw Mill East,Location: 333 N. Bedford Rd Mt. KiscoContact: (914) 752-6850,http://www.spachiara.com/
Beauty,Emmary Day Spa,Location: 24 S. Greeley Ave ChappaquaContact: (914) 238-8830,http://emmaryspa.com/
Beauty,Facelogic Spa Mt Kisco,Location: 145 Kisco Ave Mt. KiscoContact: (914) 241-3223,https://www.facelogickisco.com
Beauty,Cherylyn Salon North,Location: 430 Bedford Road ArmonkContact: (914) 273-7900,http://www.cherylynsalon.com/
Beauty,Gloss Salon,Location: 25 Parkway KatonahContact: (914) 232-7665,
Beauty,Aura Salon & Style Bar,Location: 191 King St ChappaquaContact: (914) 238-0091,http://auraboutiquesalon.com/
Beauty,The King Street Salon,Location: 229 King St ChappaquaContact: (914) 238-8338,https://Kingstreetsalon.com
Beauty,Josef Mikel Salon,Location: 355 Manville Road PleasantvilleContact: (914) 579-2237,https://josefmikelsalon.com/about-josef-mikel/
Beauty,Hott Blowdry and Beauty Lounge,Location: 402 Main Street ArmonkContact: (914) 425-5900,https://Hottblowdry.com
Beauty,Eiluj Beauty Lounge,Location: 119 Katonah Ave KatonahContact: (914) 232-2227,https://eilujbeauty.com
Beauty,Medi Tresse,Location: 2 Overhill Rd Suite 320 ScarsdaleContact: (914) 500-5674,https://www.meditresse.com/
Beauty,Painted Gypsy Salon,"Location141 E Main St, Mt Kisco, Contact (914)218-8833",https://www.thepaintedgypsysalon.com/
Beauty,,,
Beauty,Blooming Nails,Location: 55 Bedford Road ChappaquaContact: (914) 238-0308,
Beauty,,,
Beauty,,,
Beauty,Isabel Nail Salon,Location: 78 Millwood Rd MillwoodContact: (914) 373-2300,https://www.facebook.com/IsabelNailSalonMillwood/
Beauty,Posh Polish Nail Salon,Location: 1245 Pleasantville Rd Briarcliff ManorContact: (914) 945-0888,https://www.poshpolishsalon.com/
Beauty,Serenity Spa,Location: 20 King St ChappaquaContact: (914) 861-8000,
Beauty,Kiss Coco Nails,Location: 480 E. Main St Mt. KiscoContact: (914) 242-0041,
Beauty,,,
Beauty,Brow Studio by Rose,Be brow ready 24/7 with.,http://www.browstudiobyrose.com
Beauty,,,
Beauty,,,
Beauty,,,
Beauty,www.browstudiobyrose.com,BOOK YOUR APPOINTMENT(845) 271-9694[email protected],http://www.browstudiobyrose.com
Beauty,Infinity Brow Studio,Location: 343 Manville Road PleasantvilleContact: (914) 492-3580,
Beauty,Elysian Color,Location: 53 Main St Ste D4 Mt. KiscoContact: (914) 315-9010,https://Elysiancolor.com
Beauty,Mia Fremolaro Beauty and Brow,Location: 1326 Pleasantville Road Briarcliff ManorContact: (914) 494-3355,
Beauty,Body Beautiful of NY,Location: 318 Bedford Rd. Bedford HillsContact: (914) 218-3500,https://www.bodybeautifulofnewyork.com
Beauty,Aura Salon & Style Bar,Location: 191 King St ChappaquaContact: (914) 238-0091,http://auraboutiquesalon.com/
Beauty,Epidavros Day Spa and Salon,Location: 272 N Bedford Rd Mt. KiscoContact: (914) 244-4422,https://epidavrosdayspa.com/
Beauty,Hott Blowdry and Beauty Lounge,Location: 402 Main Street ArmonkContact: (914) 425-5900,https://Hottblowdry.com
Beauty,Modern Blow Dry,Location: 46 South Greeley Ave ChappaquaContact: (914) 861-2690,https://www.modernblowdrybar.com/
