Title,Name,Address,Url,Phone Number
Childrens Activities,Tumble-Bee Gymnastics,"Rockland Gymnastics Academy33 Rte 304, Nanuet SafeSplash Swim School – Nanuet5205 Fashion Dr # A, Nanuet, NY 10954",https://tumble-beegymnastics.com/,(845) 624-4056
Childrens Activities,(845) 623-2553,"Rockland Gymnastics Academy33 Rte 304, Nanuet SafeSplash Swim School – Nanuet5205 Fashion Dr # A, Nanuet, NY 10954",tel:8456232553,(845) 624-4056
Childrens Activities,Rockland Gymnastics Academy,"SafeSplash Swim School – Nanuet5205 Fashion Dr # A, Nanuet, NY 10954 West Nyack Swim Club Inc282 Germonds Rd, West Nyack, NY 10994",http://www.rocklandgymnastics.com/,(845) 281-7946
Childrens Activities,(845) 624-4056,"SafeSplash Swim School – Nanuet5205 Fashion Dr # A, Nanuet, NY 10954 West Nyack Swim Club Inc282 Germonds Rd, West Nyack, NY 10994",tel:8456244056,(845) 281-7946
Childrens Activities,SafeSplash Swim School – Nanuet,"West Nyack Swim Club Inc282 Germonds Rd, West Nyack, NY 10994",http://safesplash.com/,(845) 623-2331
Childrens Activities,(845) 281-7946,"West Nyack Swim Club Inc282 Germonds Rd, West Nyack, NY 10994",tel:8452817946,(845) 623-2331
Childrens Activities,West Nyack Swim Club Inc,"Chuck E. CheeseNanuet, NY",http://westnyackswimclub.com,
Childrens Activities,(845) 623-2331,"Chuck E. CheeseNanuet, NY",tel:8456232331,
Childrens Activities,Billy Beez,"Chuck E. CheeseNanuet, NY",https://billybeezus.com/location/palisades-center/,
Childrens Activities,Chuck E. Cheese,"Stay up-to-date with what is happening in-and-around Rockland County, NY with local events, community highlights, and exclusive deals.",https://locations.chuckecheese.com/us/ny/nanuet/250-west-route-59,
